dnaN	292	D	Y	snp	GAT	TAT
recF	245	I	T	snp	ATC	ACC
Rv0004	176	H	L	snp	CAT	CTT
gyrB	301	V	L	snp	GTG	TTG
gyrA	21	E	Q	snp	GAG	CAG
gyrA	95	S	T	snp	AGC	ACC
gyrA	668	G	D	snp	GGC	GAC
Rv0008c	145	S	P	snp	TCC	CCC
Rv0012	55	D	N	snp	GAT	AAT
Rv0012	233	C	R	snp	TGC	CGC
pknA	385	S	R	snp	AGC	AGG
pstP	463	P	S	snp	CCG	TCG
Rv0030	broken_gene
bioF2	268	I	T	snp	ATC	ACC
bioF2	517	A	T	snp	GCC	ACC
Rv0037c	347	M	I	snp	ATG	ATA
ponA1	626	P	PA	ins
dnaB	552	R	G	snp	AGG	GGG
Rv0059	191	P	L	snp	CCG	CTG
Rv0064	457	G	D	snp	GGT	GAT
Rv0064	733	N	D	snp	AAC	GAC
Rv0064	906	R	P	snp	CGC	CCC
Rv0068	214	V	L	snp	GTG	CTG
Rv0071	7	SVDP	S	del
ctpA	62	D	G	snp	GAC	GGC
ctpA	382	G	E	snp	GGA	GAA
ctpB	22	L	S	snp	TTG	TCG
PE_PGRS1	346	R	G	snp	CGC	GGC
fusA2	562	N	S	snp	AAT	AGT
mak	18	S	P	snp	TCG	CCG
ephF	271	G	S	snp	GGC	AGC
Rv0149	202	H	Y	snp	CAC	TAC
PE1	505	A	S	snp	GCT	TCT
PE2	291	G	E	snp	GGG	GAG
PE3	14	T	A	snp	ACG	GCG
mce1D	265	A	V	snp	GCG	GTG
mce1F	370	L	P	snp	CTG	CCG
Rv0175	138	M	T	snp	ATG	ACG
Rv0175	177	K	E	snp	AAG	GAG
Rv0181c	220	R	H	snp	CGC	CAC
Rv0192	127	S	P	snp	TCG	CCG
Rv0193c	417	K	E	snp	AAG	GAG
Rv0194	74	M	T	snp	ATG	ACG
Rv0194	431	G	R	snp	GGC	CGC
Rv0218	316	C	R	snp	TGT	CGT
nrdB	33	H	D	snp	CAT	GAT
Rv0235c	143	R	C	snp	CGC	TGC
aftD	1080	S	G	snp	AGC	GGC
Rv0259c	182	A	V	snp	GCG	GTG
Rv0264c	96	G	A	snp	GGC	GCC
PPE3	337	S	P	snp	TCG	CCG
eccC3	214	P	R	snp	CCG	CGG
PPE4	463	A	V	snp	GCG	GTG
eccE3	217	N	D	snp	AAT	GAT
Rv0315	260	K	T	snp	AAG	ACG
Rv0318c	223	G	A	snp	GGG	GCG
Rv0323c	142	S	G	snp	AGT	GGT
Rv0338c	506	R	G	snp	AGG	GGG
Rv0338c	621	A	V	snp	GCC	GTC
Rv0366c	155	N	K	snp	AAC	AAA
PPE9	broken_gene
Rv0395	80	V	A	snp	GTC	GCC
lpqK	67	E	K	snp	GAG	AAG
pks6	1402	R	P	snp	CGG	CCG
Rv0412c	355	D	Y	snp	GAC	TAC
thiG	75	S	C	snp	TCC	TGC
ctpH	689	M	V	snp	ATG	GTG
ctpH	1491	SPGAP	S	del
Rv0446c	WAWTRHPNYFGDACVWWGLWLITINDWAPLATVGSPLLMTYLLVDVSGARLTERYLKGRPGFAEYQRRTAYFVPRPPRSARR	right_clip
Rv0466	226	V	I	snp	GTT	ATT
Rv0472c	3	E	G	snp	GAG	GGG
Rv0484c	159	L	Q	snp	CTG	CAG
Rv0493c	85	P	S	snp	CCC	TCC
mmpL2	426	R	H	snp	CGC	CAC
hemD	75	A	T	snp	GCG	ACG
hemD	263	G	R	snp	GGG	AGG
ccsA	189	A	T	snp	GCC	ACC
Rv0538	228	R	P	snp	CGG	CCG
pitA	49	P	S	snp	CCT	TCT
Rv0556	15	L	R	snp	CTC	CGC
Rv0572c	31	F	L	snp	TTC	CTC
Rv0574c	246	D	N	snp	GAC	AAC
TB27.3	160	F	S	snp	TTC	TCC
Rv0613c	97	T	I	snp	ACC	ATC
recC	535	R	M	snp	AGG	ATG
secE1	21	S	T	snp	AGC	ACC
mmaA4	165	N	S	snp	AAC	AGC
mkl	276	E	G	snp	GAG	GGG
Rv0658c	75	L	P	snp	CTC	CCC
atsD	445	H	D	snp	CAC	GAC
rpoB	435	D	V	snp	GAC	GTC
echA4	103	Q	H	snp	CAG	CAC
mmpL5	948	I	V	snp	ATT	GTT
Rv0696	331	G	C	snp	GGC	TGC
fucA	6	A	D	snp	GCC	GAC
PE_PGRS9	280	N	D	snp	AAC	GAC
PE_PGRS9	320	T	A	snp	ACC	GCC
PE_PGRS9	445	T	A	snp	ACC	GCC
phoR	172	P	L	snp	CCC	CTC
cyp123	GSANRDDRVFDDPDDYRIGREIGCKLVSFGSGAHFCLGAHLARMEARVALGALLRRIRNYEVDDDNVVRVHSSNVRGFAHLPISVQAR	GIGQP	broken_end_clip
Rv0785	408	C	F	snp	TGC	TTC
Rv0787	267	Y	H	snp	TAC	CAC
Rv0791c	100	S	C	snp	TCC	TGC
pepC	139	L	R	snp	CTG	CGG
Rv0812	145	I	M	snp	ATA	ATG
PE_PGRS14	645	A	G	snp	GCG	GGG
cysK2	93	G	S	snp	GGT	AGT
Rv0850	40	S	K	snp	TCG	AAG
fadA	150	S	G	snp	AGC	GGC
PE_PGRS15	PG	PAQPG	broken_end_extension
PPE13	PQKKVGNSG	PKKSREQRVRENL	broken_end_extension
PPE13	382	T	P	snp	ACC	CCC
Rv0881	115	G	R	snp	GGC	CGC
Rv0890c	866	P	A	snp	CCC	GCC
Rv0891c	37	V	G	snp	GTT	GGT
pstA1	RLPL	right_clip
pstA1	5	M	T	snp	ATG	ACG
pstB	61	T	M	snp	ACG	ATG
ligD	344	C	R	snp	TGC	CGC
pgi	546	R	H	snp	CGC	CAC
Rv0948c	59	K	T	snp	AAG	ACG
Rv0958	274	S	P	snp	TCC	CCC
lprP	186	P	L	snp	CCC	CTC
Rv0964c	124	P	T	snp	CCT	ACT
Rv0966c	175	V	A	snp	GTG	GCG
accD2	51	N	K	snp	AAC	AAG
pepD	390	L	P	snp	CTG	CCG
grcC2	321	I	V	snp	ATA	GTA
Rv0990c	61	H	Q	snp	CAC	CAA
galU	235	Q	R	snp	CAG	CGG
metS	39	R	G	snp	CGC	GGC
tatD	187	T	N	snp	ACC	AAC
Rv1021	56	L	R	snp	CTG	CGG
kdpD	ALLSGMLLNYFLTEPRYTWTIAEPDAAVTEFVLLAMAVAVAVLVDGAASRTREARRASQEAELLALFAGSVLRGADLATLLQRVRETYSQRAVTMLRVRQGASTGETVACVGTNPCRDVDSADTAIEVGDDEFWMLMAGRKLAARDRRVLTAVATQAAGLVKQRELAEEAGQAEAIARADELRRSLLSAVSHDLRTPLAAAKVAVSSLRTEDVAFSPEDTAELLATIEESIDQLTALVANLLDSSRLAAGVIRPQLRRAYLEEAVQRALVSIGKGATGFYRSGIDRVKVDVGDAVAMADAGLLERVLANLIDNALRYAPDCVVRVNAGRVRERVLINVIDEGPGVPRGTEEQLFAPFQRPGDHDNTTGVGLGMSVARGFVEAMGGTISATDTPGGGLTVVIDLAAPEDRP	ACC	broken_end_clip
kdpD	368	P	S	snp	CCC	TCC
Rv1075c	275	P	L	snp	CCA	CTA
lipU	175	E	K	snp	GAA	AAA
Rv1081c	7	P	S	snp	CCG	TCG
PE_PGRS22	757	G	C	snp	GGC	TGC
glyA1	36	V	A	snp	GTA	GCA
Rv1101c	157	A	V	snp	GCC	GTC
xseA	268	D	H	snp	GAC	CAC
vapC32	LVVYRQRCWE	right_extension
Rv1132	545	A	ATGEFERGYVRVAE	ins
Rv1139c	13	R	W	snp	CGG	TGG
Rv1154c	14	K	N	snp	AAG	AAC
Rv1154c	123	T	A	snp	ACG	GCG
fadH	210	C	S	snp	TGC	TCC
pks3	broken_gene
Rv1186c	207	P	A	snp	CCC	GCC
Rv1227c	13	P	A	snp	CCG	GCG
Rv1230c	45	S	G	snp	AGC	GGC
Rv1230c	343	P	R	snp	CCG	CGG
Rv1232c	149	C	G	snp	TGC	GGC
corA	139	K	E	snp	AAA	GAA
cyp130	145	K	N	snp	AAA	AAC
pknH	607	R	Q	snp	CGG	CAG
Rv1278	365	A	S	snp	GCC	TCC
oppD	515	A	T	snp	GCG	ACG
argS	182	I	S	snp	ATC	AGC
hemK	194	R	C	snp	CGC	TGC
Rv1320c	531	T	A	snp	ACG	GCG
Rv1321	144	S	R	snp	AGC	CGC
pncB1	429	G	A	snp	GGC	GCC
mbtK	192	D	A	snp	GAC	GCC
irtB	402	A	V	snp	GCC	GTC
Rv1364c	465	A	E	snp	GCG	GAG
Rv1374c	136	T	A	snp	ACA	GCA
Rv1378c	37	R	W	snp	CGG	TGG
cyp132	135	R	L	snp	CGG	CTG
lprG	158	D	N	snp	GAT	AAT
opcA	192	R	P	snp	CGA	CCA
tkt	18	Y	D	snp	TAC	GAC
Rv1453	405	P	Q	snp	CCA	CAA
Rv1459c	113	K	E	snp	AAA	GAA
Rv1462	183	N	D	snp	AAC	GAC
ripA	38	T	S	snp	ACC	TCC
Rv1486c	198	K	N	snp	AAG	AAT
Rv1498c	191	R	H	snp	CGC	CAC
Rv1500	317	T	I	snp	ACC	ATC
Rv1502	213	Y	C	snp	TAC	TGC
Rv1518	86	N	H	snp	AAC	CAC
dinX	306	T	P	snp	ACC	CCC
PPE21	258	D	G	snp	GAC	GGC
plsB1	52	A	V	snp	GCC	GTC
frdC	40	M	V	snp	ATG	GTG
frdC	51	N	T	snp	AAT	ACT
ilvA	334	V	A	snp	GTG	GCG
treY	112	D	Y	snp	GAT	TAT
bioF1	171	A	G	snp	GCC	GGC
bioD	191	M	T	snp	ATG	ACG
bioB	88	D	N	snp	GAT	AAT
Rv1597	21	G	D	snp	GGT	GAT
hisH	201	S	N	snp	AGC	AAC
impA	124	P	Q	snp	CCA	CAA
hisI	99	T	I	snp	ACC	ATC
tesB1	121	H	L	snp	CAC	CTC
tsnR	232	L	P	snp	CTG	CCG
Rv1647	2	A	P	snp	GCG	CCG
pheT	506	R	H	snp	CGC	CAC
pks10	279	G	R	snp	GGG	AGG
pks8	1357	A	T	snp	GCC	ACC
Rv1668c	broken_gene
Rv1674c	189	E	G	snp	GAA	GGA
cycA	93	R	L	snp	CGG	CTG
Rv1716	6	P	L	snp	CCC	CTC
Rv1716	178	S	G	snp	AGT	GGT
Rv1716	276	V	A	snp	GTC	GCC
Rv1717	GWLDSVHLAKGELRSIHNRTDRQALLLVTVAHPVAEVA	GGSTACTSPKANCDRYTTARIVRRCCW	broken_end_clip
Rv1722	15	V	L	snp	GTG	TTG
Rv1733c	68	Q	H	snp	CAG	CAT
Rv1739c	134	R	L	snp	CGA	CTA
eccC5	229	Q	R	snp	CAG	CGG
PPE31	223	F	S	snp	TTC	TCC
PPE31	234	V	L	snp	GTC	CTC
PPE33	252	V	L	snp	GTG	TTG
Rv1812c	30	L	P	snp	CTA	CCA
Rv1812c	52	Y	D	snp	TAT	GAT
Rv1815	83	I	F	snp	ATC	TTC
gnd1	453	A	T	snp	GCC	ACC
apa	136	F	L	snp	TTC	CTC
lldD2	253	V	M	snp	GTG	ATG
Rv1877	155	V	L	snp	GTC	CTC
rpfC	16	H	R	snp	CAC	CGC
Rv1895	270	V	L	snp	GTG	CTG
lipJ	204	I	M	snp	ATT	ATG
katG	315	S	T	snp	AGC	ACC
PPE34	676	S	A	snp	TCA	GCA
mce3F	331	P	R	snp	CCG	CGG
mce3F	396	A	E	snp	GCG	GAG
Rv1987	36	S	N	snp	AGT	AAT
ctpG	VTTVVDAEVQLTVVSDAAGRMRVQATGFQFDAGRAVAIEDTVGKVAGVQAVHAYPRTASIVIWYSRAICDTAAILSAIIDAETVPAAA	left_clip
Rv2008c	55	I	L	snp	ATC	CTC
Rv2017	262	A	E	snp	GCG	GAG
Rv2020c	33	L	I	snp	CTA	ATA
Rv2022c	118	V	A	snp	GTG	GCG
Rv2024c	47	W	R	snp	TGG	CGG
Rv2024c	154	D	G	snp	GAC	GGC
Rv2037c	231	I	T	snp	ATT	ACT
Rv2037c	312	C	Y	snp	TGT	TAT
Rv2039c	131	V	F	snp	GTC	TTC
pncA	182	L	F	snp	TTG	TTT
cobL	205	L	P	snp	CTC	CCC
Rv2078	6	E	G	snp	GAA	GGA
Rv2079	47	Y	C	snp	TAC	TGC
Rv2083	256	L	V	snp	CTG	GTG
Rv2090	358	F	L	snp	TTC	TTG
helZ	601	P	Q	snp	CCG	CAG
PPE37	SAAQGLYAVGGPDGEGFNPIAKTTALAGVTTDAAAPAAKLPGDQAQSSASKATRLRRRLRQHRFEFLADDGRLTMPNTPEMADVAAGNRGLDALGFAGTIPKSAPGSATGLTHLGGGFADVLSQPMLPHTWDGSD	SRPRPLRGRWSRRGRVQPDRQDDSTRRCYHRCRRTCRQTARRPSSEQRQQSNKTAATSPATPLRVSGRRRPPDHAKHTGDGRRRRRQPWIGCAGVRRHDPKIGARISDRAYSPRRRIRRRPVAADASAHVGRVRLNVEVLGFRMVQDERVGRLFGMQL	broken_end_extension
metH	125	G	R	snp	GGG	AGG
Rv2125	33	G	S	snp	GGC	AGC
murD	247	R	G	snp	CGG	GGG
murE	25	G	V	snp	GGC	GTC
Rv2160A	103	A	T	snp	GCG	ACG
Rv2160c	11	G	D	snp	GGC	GAC
pknL	327	T	P	snp	ACT	CCT
aroG	265	D	E	snp	GAC	GAA
Rv2190c	173	A	S	snp	GCC	TCC
Rv2226	299	D	N	snp	GAT	AAT
Rv2235	71	P	S	snp	CCG	TCG
cobD	79	S	C	snp	TCC	TGC
kasA	45	A	S	snp	GCA	TCA
Rv2250A	GGRRRRHLALLLRPRHCRGPVWWRHQRRWWA	GTPSPTSCTTAPTTALPWSRLVAAPASLVGLTPFATTFAR	broken_end_extension
Rv2251	MRWRASSAPSISAPPIATGCCTPAASPPQTCCGAKTPVSRMRPTRCCCPAAPTGEDAVADI	left_clip
Rv2252	230	G	S	snp	GGC	AGC
Rv2314c	230	S	P	snp	TCG	CCG
Rv2314c	456	A	P	snp	GCG	CCG
Rv2326c	43	A	S	snp	GCG	TCG
Rv2337c	119	G	V	snp	GGC	GTC
plcC	458	H	R	snp	CAC	CGC
mbtH	69	V	A	snp	GTC	GCC
mbtF	589	E	D	snp	GAG	GAC
cysW	141	G	A	snp	GGC	GCC
Rv2407	62	L	LPSDHIAE	ins
Rv2407	64	G	S	snp	GGC	AGC
rbsK	282	V	A	snp	GTC	GCC
nadE	133	R	L	snp	CGG	CTG
dctA	446	H	Y	snp	CAC	TAC
Rv2446c	84	A	T	snp	GCC	ACC
rpfE	126	R	Q	snp	CGG	CAG
mmuM	125	Y	C	snp	TAC	TGC
gdh	1043	S	G	snp	AGC	GGC
plsB2	778	C	R	snp	TGC	CGC
bkdC	107	T	A	snp	ACC	GCC
Rv2507	226	V	L	snp	GTC	CTC
Rv2513	122	T	K	snp	ACG	AAG
Rv2542	211	T	A	snp	ACC	GCC
Rv2560	210	V	L	snp	GTC	CTC
Rv2561	16	Y	C	snp	TAC	TGC
Rv2566	610	L	P	snp	CTC	CCC
Rv2567	645	Q	R	snp	CAG	CGG
Rv2570	QAPKQLVQAFLANSG	right_clip
apt	147	A	E	snp	GCG	GAG
Rv2585c	462	C	S	snp	TGT	TCT
pdxH	217	G	S	snp	GGC	AGC
Rv2611c	102	I	M	snp	ATA	ATG
Rv2611c	197	S	C	snp	TCT	TGT
Rv2617c	44	N	S	snp	AAT	AGT
Rv2627c	104	R	G	snp	AGA	GGA
Rv2668	3	H	R	snp	CAC	CGC
Rv2688c	156	P	T	snp	CCC	ACC
Rv2689c	99	L	R	snp	CTT	CGT
ceoB	117	T	A	snp	ACC	GCC
ppgK	203	I	T	snp	ATA	ACA
ideR	147	D	DY	ins
ideR	149	A	AA	ins
Rv2716	147	A	T	snp	GCG	ACG
Rv2729c	202	A	E	snp	GCG	GAG
thyA	202	T	A	snp	ACC	GCC
PPE43	347	G	V	snp	GGC	GTC
Rv2771c	80	L	P	snp	CTC	CCC
pepR	228	P	L	snp	CCA	CTA
ltp1	301	F	V	snp	TTC	GTC
pptT	87	M	V	snp	ATG	GTG
Rv2812	395	R	G	snp	AGG	GGG
Rv2825c	2	K	E	snp	AAA	GAA
vapB22	56	A	V	snp	GCG	GTG
Rv2850c	374	R	G	snp	CGC	GGC
Rv2854	308	V	A	snp	GTG	GCG
Rv2857c	213	V	M	snp	GTG	ATG
Rv2864c	522	I	V	snp	ATC	GTC
dipZ	672	Y	D	snp	TAT	GAT
Rv2897c	216	L	M	snp	CTG	ATG
Rv2917	594	R	L	snp	CGG	CTG
smc	526	R	L	snp	CGT	CTT
ppsE	3	I	V	snp	ATC	GTC
Rv2959c	MGLVWRSRTSLVGQLIGLVRLVASFAAQLFYRPSDAVAEEYHKWYYGNLVWTKTTYMGINCWKSVSDMWNYQEILSE	left_clip
thiL	40	G	W	snp	GGG	TGG
ddlA	365	T	A	snp	ACA	GCA
gpdA2	133	P	A	snp	CCG	GCG
lppY	212	M	L	snp	ATG	TTG
ilvB1	295	T	M	snp	ACG	ATG
Rv3026c	125	F	V	snp	TTC	GTC
serB2	116	G	E	snp	GGA	GAA
Rv3057c	112	D	A	snp	GAT	GCT
ligB	91	P	S	snp	CCG	TCG
cstA	559	R	S	snp	CGT	AGT
cstA	654	Y	D	snp	TAC	GAC
Rv3077	310	G	R	snp	GGC	CGC
Rv3092c	250	P	L	snp	CCG	CTG
Rv3093c	210	C	W	snp	TGC	TGG
fprA	406	V	M	snp	GTG	ATG
cyp141	157	K	E	snp	AAA	GAA
Rv3136A	16	A	G	snp	GCG	GGG
Rv3137	168	P	L	snp	CCG	CTG
nuoD	392	G	A	snp	GGT	GCT
nuoG	474	I	M	snp	ATA	ATG
nuoG	604	T	A	snp	ACG	GCG
Rv3179	342	Y	H	snp	TAT	CAT
Rv3190c	138	L	P	snp	CTG	CCG
Rv3193c	673	A	V	snp	GCC	GTC
Rv3204	34	T	A	snp	ACA	GCA
Rv3213c	144	K	E	snp	AAG	GAG
Rv3217c	38	A	T	snp	GCC	ACC
Rv3224	139	E	Q	snp	GAG	CAG
tgs3	250	R	H	snp	CGT	CAT
Rv3236c	370	A	T	snp	GCC	ACC
mtrB	517	M	L	snp	ATG	CTG
glpD2	126	K	R	snp	AAA	AGA
lpdA	CTAAQDAAEQLALVPHHLPTSN	right_clip
amiA1	18	L	M	snp	CTG	ATG
sdhD	54	V	L	snp	GTG	CTG
sigJ	41	P	Q	snp	CCG	CAG
Rv3329	122	Q	H	snp	CAA	CAC
sugI	423	P	L	snp	CCG	CTG
PPE54	103	E	A	snp	GAG	GCG
Rv3365c	266	A	T	snp	GCG	ACG
idsB	132	V	G	snp	GTC	GGC
Rv3399	330	A	E	snp	GCG	GAG
vapC47	46	S	L	snp	TCG	TTG
Rv3434c	176	I	V	snp	ATC	GTC
Rv3439c	96	G	E	snp	GGG	GAG
eccC4	1082	S	G	snp	AGC	GGC
eccD4	MPTSDPGLRRVTVHAGAQAVDLTLPAAVPVATLIPSIVDILGDRGASPATAARYQLSALGAPALPNATTLAQCGIRDGAVLVLHKSSAQPPTPRCDDVAEAVAAALDTTARPQCQRTTRLSGALAASCITAGGGLMLVRNALGTNVTRYSDATAGVVAAAGLAALLFAVIACRTYRDPIAGLTLSVIATIFGAVAGLLAVP	VSMP	broken_start_clip
cut3	259	L	R	snp	CTG	CGG
Rv3463	94	G	D	snp	GGC	GAC
Rv3468c	62	I	V	snp	ATC	GTC
Rv3479	174	L	R	snp	CTC	CGC
fadD17	114	E	K	snp	GAG	AAG
PE_PGRS55	16	G	E	snp	GGG	GAG
PE_PGRS56	306	I	T	snp	ATT	ACT
echA19	86	G	D	snp	GGC	GAC
Rv3521	295	N	D	snp	AAC	GAC
ltp4	324	T	I	snp	ACC	ATC
fadE28	292	I	L	snp	ATC	CTC
PE_PGRS58	138	PG	P	del
PE_PGRS58	141	L	A	snp	CTG	GCC
PE_PGRS58	503	DGGNGGAGGAGGNGGKGGAGGAGGGAGMFSQPGVHGAGGTGGQGGA	D	del
lpqF	159	A	V	snp	GCG	GTG
Rv3611	211	G	D	snp	GGC	GAC
espA	192	T	I	snp	ACC	ATC
Rv3636	69	A	D	snp	GCC	GAC
Rv3655c	STAARPPCLPSRWSRCCCASPVRVHI	right_clip
Rv3684	13	H	Y	snp	CAC	TAC
Rv3693	129	M	I	snp	ATG	ATA
dnaQ	211	V	L	snp	GTG	TTG
Rv3719	12	T	A	snp	ACG	GCG
Rv3720	70	H	R	snp	CAT	CGT
Rv3727	537	I	T	snp	ATC	ACC
ligC	313	R	H	snp	CGC	CAC
Rv3737	40	D	G	snp	GAT	GGT
tcrY	246	C	R	snp	TGT	CGT
Rv3773c	159	K	R	snp	AAG	AGG
echA21	162	L	F	snp	CTT	TTT
lipE	164	D	N	snp	GAC	AAC
Rv3786c	100	T	I	snp	ACC	ATC
embB	306	M	V	snp	ATG	GTG
pks13	335	P	R	snp	CCC	CGC
Rv3802c	50	V	F	snp	GTT	TTT
mmpL8	1042	A	E	snp	GCA	GAA
papA1	35	L	F	snp	CTT	TTT
Rv3832c	78	Q	L	snp	CAG	CTG
Rv3833	102	R	P	snp	CGC	CCC
Rv3833	105	V	I	snp	GTC	ATC
pheA	267	H	Y	snp	CAC	TAC
glpQ1	60	D	G	snp	GAC	GGC
ethA	165	Q	P	snp	CAG	CCG
espE	21	L	V	snp	TTG	GTG
eccA1	67	Q	R	snp	CAG	CGG
PE35	E	right_clip
eccE2	432	P	S	snp	CCC	TCC
Rv3888c	16	I	V	snp	ATC	GTC
PPE69	19	T	K	snp	ACG	AAG
eccC2	258	R	P	snp	CGC	CCC
Rv3896c	193	Q	K	snp	CAA	AAA
Rv3897c	183	C	R	snp	TGT	CGT
Rv3915	237	M	V	snp	ATG	GTG
gid	16	L	R	snp	CTT	CGT
gid	124	V	A	snp	GTG	GCG
mcr11	77	G	A	snp
mcr3	41	G	A	snp
rrs	1401	T	C	snp
dnaN	-75	T	C	snp
Rv0021c	-78	G	C	snp
Rv0072	-8	G	C	snp
pepA	-8	C	T	snp
PE_PGRS3	-70	T	A	snp
PE_PGRS3	-90	G	C	snp
PE_PGRS3	-93	G	C	snp
PE_PGRS3	-95	T	C	snp
Rv0383c	-84	T	G	snp
ndhA	-66	A	G	snp
Rv0518	-68	A	C	snp
mscL	-37	G	C	snp
grcC2	-52	T	A	snp
Rv1075c	-48	T	C	snp
Rv1096	-18	A	G	snp
Rv1179c	-38	TT	GCT	ins
Rv1435c	-85	A	G	snp
Rv1592c	-29	G	A	snp
Rv1752	-74	G	A	snp
Rv1773c	-19	G	A	snp
mgtC	-32	C	G	snp
lldD2	-18	A	C	snp
fbpB	-3	A	G	snp
otsB1	-3	T	C	snp
PE_PGRS38	-87	T	C	snp
mmpS3	-47	C	T	snp
Rv2302	-57	G	T	snp
Rv2415c	-11	G	A	snp
nadD	-44	A	C	snp
Rv2600	-51	A	G	snp
Rv2644c	-63	A	G	snp
Rv2779c	-34	A	G	snp
fadD26	-67	C	T	snp
Rv2955c	-61	C	T	snp
cfp6	-10	T	C	snp
cyp136	-15	G	T	snp
Rv3371	-30	C	G	snp
dxs2	-17	C	T	snp
PE34	-2	A	G	snp
gltB	-9	T	AT	ins
-	11439	C	T	snp
-	34044	T	C	snp
-	133838	TCGCCACGATCAAGAGGAGGGGCAG	TTGCCACGATCAAGAGGAGGGGCAA	del
-	336504	G	T	snp
-	336535	T	G	snp
-	336537	T	G	snp
-	336540	G	T	snp
-	336546	T	G	snp
-	503354	G	C	snp
-	781395	T	C	snp
-	888774	G	A	snp
-	942479	T	C	snp
-	986463	G	C	snp
-	1075279	T	C	snp
-	1093322	C	T	snp
-	1445474	G	A	snp
-	1692795	G	C	snp
-	1728837	A	G	snp
-	1836286	G	C	snp
-	1933988	G	A	snp
-	2207525	C	T	snp
-	2207591	T	TC	ins
-	2223293	T	C	snp
-	2228967	A	G	snp
-	2260525	C	T	snp
-	2265059	T	G	snp
-	2357286	CGAC	C	del
-	2523207	GG	GCCGG	ins
-	2617632	AC	ATT	ins
-	2680658	T	G	snp
-	2752698	C	A	snp
-	2795137	G	A	snp
-	2827984	G	T	snp
-	2828019	T	C	snp
-	2954911	T	C	snp
-	3167827	G	C	snp
-	3178445	C	G	snp
-	3465720	G	C	snp
-	3874191	T	C	snp
-	4059904	A	G	snp
-	4100975	T	C	snp
-	4319652	G	A	snp
-	4338732	G	A	snp
